[{"id":"0","module_name":"MASTER0 MASTER0 MASTER0","module_web":"MASTER","module_mobile":"MASTER","module_keyword":"http://ktcodisha.com/erp/public/images/erp/APPROVAL_BILLING_RATE.png","module_url":"/project/events_modal.htm","pid":"0","hasChild":"0"},{"id":"1","module_name":"MASTER1","module_web":"MASTER","module_mobile":"MASTER","module_keyword":"http://ktcodisha.com/erp/public/images/erp/APPROVAL_ADVANCE.png","module_url":null,"pid":"0","hasChild":"1"},{"id":"6","module_name":"MASTER2","module_web":"MASTER","module_mobile":"MASTER","module_keyword":"http://ktcodisha.com/erp/public/images/erp/APPROVAL.png","module_url":"/project/events_modal.htm","pid":"1","hasChild":"1"},{"id":"2","module_name":"MASTER2","module_web":"MASTER","module_mobile":"MASTER","module_keyword":"http://ktcodisha.com/erp/public/images/erp/APPROVAL.png","module_url":"/project/events_modal.htm","pid":"1","hasChild":"0"},{"id":"3","module_name":"MASTER3","module_web":"MASTER","module_mobile":"MASTER","module_keyword":"MASTER","module_url":"/project/events_modal.htm","pid":"0","hasChild":"0"},{"id":"4","module_name":"MASTER4","module_web":"MASTER","module_mobile":"MASTER","module_keyword":"http://ktcodisha.com/erp/public/images/erp/ACCOUNTS_HEADS.png","module_url":"/project/events_modal.htm","pid":"0","hasChild":"0"},{"id":"5","module_name":"MASTER5","module_web":"MASTER","module_mobile":"MASTER","module_keyword":"http://ktcodisha.com/erp/public/images/erp/ALERT_DAYS_MASTER.png","module_url":"/project/events_modal.htm","pid":"0","hasChild":"0"},{"id":"8","module_name":"MASTER5","module_web":"MASTER","module_mobile":"MASTER","module_keyword":"http://ktcodisha.com/erp/public/images/erp/ALERT_DAYS_MASTER.png","module_url":"/project/events_modal.htm","pid":"6","hasChild":"1"},{"id":"8","module_name":"MASTER5","module_web":"MASTER","module_mobile":"MASTER","module_keyword":"http://ktcodisha.com/erp/public/images/erp/ALERT_DAYS_MASTER.png","module_url":"/project/events_modal.htm","pid":"7","hasChild":"0"}]